question,strategy,coverage,completion_certificate,completion_reason,exit_ok,virtual_time_s,mean_clear_time_s,real_runtime_s,stations_visited,fallback_actions,distance_m,switches,measurements,clear_attempts,cleared,lost_signal,seed,N,scenario_origin
3,adaptive,seven,True,coverage_and_clearing,True,4604.095401,460.40954009999996,0.14631258399458602,7,0,19545.477005518365,100,109,10,10,84,20260911,10,synthetic
3,adaptive_q25,seven,True,coverage_and_clearing,True,4079.333886,407.9333886,0.22348762495676056,7,0,16771.66942922933,100,115,10,10,84,20260911,10,synthetic
3,adaptive_q25_fine,seven,True,coverage_and_clearing,True,3970.549638,397.0549638,0.32644500001333654,7,0,16327.748189322574,100,111,10,10,84,20260911,10,synthetic
3,adaptive_q10,seven,True,coverage_and_clearing,True,3960.464833,396.0464833,0.23210108297644183,7,0,16152.324165439008,100,116,10,10,84,20260911,10,synthetic
3,adaptive_q10_dynamic,seven,True,coverage_and_clearing,True,3857.155276,385.7155276,0.20770958304638043,7,0,15685.77637950377,100,114,10,10,84,20260911,10,synthetic
3,adaptive_q10_dynamic_fine,seven,True,coverage_and_clearing,True,3931.860223,393.1860223,0.43899024999700487,7,0,16034.301116087488,100,115,10,10,84,20260911,10,synthetic
3,adaptive_q25_dynamic,seven,True,coverage_and_clearing,True,3897.386343,389.7386343,0.18345208303071558,7,0,15936.931716538053,100,112,10,10,84,20260911,10,synthetic
3,adaptive_q25_dynamic_fine,seven,True,coverage_and_clearing,True,3970.549638,397.0549638,0.3175082909874618,7,0,16327.748189322574,100,111,10,10,84,20260911,10,synthetic
3,adaptive,seven,True,upper_bound_16,True,5620.053761,351.2533600625,0.26987520803231746,5,0,25125.26880563517,75,88,16,16,44,20260912,16,synthetic
3,adaptive_q25,seven,True,upper_bound_16,True,4355.368153,272.2105095625,0.2863408750272356,5,0,18801.840765397,75,88,16,16,44,20260912,16,synthetic
3,adaptive_q25_fine,seven,True,upper_bound_16,True,4277.554233,267.3471395625,0.4873496670043096,5,0,18462.77116593605,75,86,16,16,44,20260912,16,synthetic
3,adaptive_q10,seven,True,upper_bound_16,True,4599.657972,287.47862325,0.4240470840013586,5,0,19723.289861382076,75,100,16,16,44,20260912,16,synthetic
3,adaptive_q10_dynamic,seven,True,upper_bound_16,True,4152.093765,259.5058603125,0.3259454169892706,5,0,17685.468824989664,75,92,16,16,44,20260912,16,synthetic
3,adaptive_q10_dynamic_fine,seven,True,upper_bound_16,True,4447.795689,277.9872305625,0.7689405000419356,5,0,18988.978443069926,75,99,16,16,44,20260912,16,synthetic
3,adaptive_q25_dynamic,seven,True,upper_bound_16,True,4209.92835,263.120521875,0.28042766597354785,5,0,18074.641749320555,75,88,16,16,44,20260912,16,synthetic
3,adaptive_q25_dynamic_fine,seven,True,upper_bound_16,True,4277.554233,267.3471395625,0.4719137499923818,5,0,18462.77116593605,75,86,16,16,44,20260912,16,synthetic
3,adaptive,seven,True,coverage_and_clearing,True,4347.556256,434.7556256,0.1711980000254698,7,0,18057.781280439827,106,116,10,10,89,20260913,10,synthetic
3,adaptive_q25,seven,True,coverage_and_clearing,True,3747.108189,374.7108189,0.2306584999896586,7,0,14930.540943198159,106,121,10,10,89,20260913,10,synthetic
3,adaptive_q25_fine,seven,True,coverage_and_clearing,True,3677.234115,367.7234115,0.4028338330099359,7,0,14606.170576237178,106,120,10,10,89,20260913,10,synthetic
3,adaptive_q10,seven,True,coverage_and_clearing,True,3801.091292,380.1091292,0.26393266598461196,7,0,15125.456459095529,106,124,10,10,89,20260913,10,synthetic
3,adaptive_q10_dynamic,seven,True,coverage_and_clearing,True,3611.82756,361.18275600000004,0.22224195901071653,7,0,14279.137802084,106,120,10,10,89,20260913,10,synthetic
3,adaptive_q10_dynamic_fine,seven,True,coverage_and_clearing,True,3724.384962,372.43849620000003,0.46618083299836144,7,0,14766.92480791052,106,123,10,10,89,20260913,10,synthetic
3,adaptive_q25_dynamic,seven,True,coverage_and_clearing,True,3617.949235,361.7949235,0.17998245800845325,7,0,14384.746173220185,106,117,10,10,89,20260913,10,synthetic
3,adaptive_q25_dynamic_fine,seven,True,coverage_and_clearing,True,3677.234115,367.7234115,0.4182260829838924,7,0,14606.170576237178,106,120,10,10,89,20260913,10,synthetic
3,adaptive,seven,True,coverage_and_clearing,True,5485.976313,391.85545092857143,0.22860583302099258,7,0,24294.881563141895,82,95,14,14,57,20260914,14,synthetic
3,adaptive_q25,seven,True,coverage_and_clearing,True,4618.261901,329.87585007142854,0.29600616602692753,7,0,19806.309503448014,82,101,14,14,57,20260914,14,synthetic
3,adaptive_q25_fine,seven,True,coverage_and_clearing,True,4568.343485,326.31024892857147,0.6069492080132477,7,0,19531.717424207684,82,102,14,14,57,20260914,14,synthetic
3,adaptive_q10,seven,True,coverage_and_clearing,True,4734.251539,338.1608242142857,0.31555337499594316,7,0,20336.25769390261,82,103,14,14,57,20260914,14,synthetic
3,adaptive_q10_dynamic,seven,True,coverage_and_clearing,True,4371.997161,312.28551150000004,0.27772000001277775,7,0,18624.98580413485,82,99,14,14,57,20260914,14,synthetic
3,adaptive_q10_dynamic_fine,seven,True,coverage_and_clearing,True,4677.636046,334.1168604285714,0.6910029589780606,7,0,19978.180230668102,82,106,14,14,57,20260914,14,synthetic
3,adaptive_q25_dynamic,seven,True,coverage_and_clearing,True,4440.143256,317.1530897142857,0.255468916031532,7,0,19015.71627991537,82,97,14,14,57,20260914,14,synthetic
3,adaptive_q25_dynamic_fine,seven,True,coverage_and_clearing,True,4568.343485,326.31024892857147,0.6029014579835348,7,0,19531.717424207684,82,102,14,14,57,20260914,14,synthetic
3,adaptive,seven,True,coverage_and_clearing,True,5490.930481,422.3792677692308,0.18475041701458395,7,0,23899.65240588594,101,109,13,13,77,20260915,13,synthetic
3,adaptive_q25,seven,True,coverage_and_clearing,True,4389.683439,337.66795684615386,0.23745245800819248,7,0,18268.41719475311,101,114,13,13,77,20260915,13,synthetic
3,adaptive_q25_fine,seven,True,coverage_and_clearing,True,4306.333571,331.25642853846153,0.47621749999234453,7,0,17826.667854878917,101,115,13,13,77,20260915,13,synthetic
3,adaptive_q10,seven,True,coverage_and_clearing,True,4639.552597,356.8886613076923,0.35877891699783504,7,0,19317.762985727564,101,122,13,13,77,20260915,13,synthetic
3,adaptive_q10_dynamic,seven,True,coverage_and_clearing,True,4287.773306,329.82871584615384,0.24534504197072238,7,0,17733.8665321166,101,115,13,13,77,20260915,13,synthetic
3,adaptive_q10_dynamic_fine,seven,True,coverage_and_clearing,True,4560.655839,350.81967992307693,0.6529661669628695,7,0,18923.279196722262,101,122,13,13,77,20260915,13,synthetic
3,adaptive_q25_dynamic,seven,True,coverage_and_clearing,True,4271.484027,328.5756943846154,0.2227040000143461,7,0,17727.420136068547,101,112,13,13,77,20260915,13,synthetic
3,adaptive_q25_dynamic_fine,seven,True,coverage_and_clearing,True,4306.333571,331.25642853846153,0.47621754196006805,7,0,17826.667854878917,101,115,13,13,77,20260915,13,synthetic
3,adaptive,seven,True,coverage_and_clearing,True,5180.765669,370.05469064285717,0.20819641696289182,7,0,22998.828346299557,76,87,14,14,51,20260916,14,synthetic
3,adaptive_q25,seven,True,coverage_and_clearing,True,4186.501793,299.0358423571429,0.2527099580038339,7,0,17927.508964162793,76,91,14,14,51,20260916,14,synthetic
3,adaptive_q25_fine,seven,True,coverage_and_clearing,True,4180.099325,298.5785232142857,0.491668708040379,7,0,17895.496623475796,76,91,14,14,51,20260916,14,synthetic
3,adaptive_q10,seven,True,coverage_and_clearing,True,4288.730221,306.3378729285714,0.32918637502007186,7,0,18263.651107449554,76,98,14,14,51,20260916,14,synthetic
3,adaptive_q10_dynamic,seven,True,coverage_and_clearing,True,4014.046273,286.71759092857144,0.2625866670277901,7,0,17040.231367421242,76,92,14,14,51,20260916,14,synthetic
3,adaptive_q10_dynamic_fine,seven,True,coverage_and_clearing,True,4344.818885,310.3442060714286,0.7148524170042947,7,0,18444.094426902397,76,102,14,14,51,20260916,14,synthetic
3,adaptive_q25_dynamic,seven,True,coverage_and_clearing,True,4068.947205,290.63908607142855,0.22916879202239215,7,0,17389.7360248083,76,89,14,14,51,20260916,14,synthetic
3,adaptive_q25_dynamic_fine,seven,True,coverage_and_clearing,True,4180.099325,298.5785232142857,0.4973831250099465,7,0,17895.496623475796,76,91,14,14,51,20260916,14,synthetic
3,adaptive,seven,True,coverage_and_clearing,True,5356.552645,412.04251115384614,0.1558341669733636,7,0,23397.763227334195,97,103,13,13,74,20260917,13,synthetic
3,adaptive_q25,seven,True,coverage_and_clearing,True,4532.236343,348.63356484615383,0.18759254197357222,7,0,19226.181717184965,97,105,13,13,74,20260917,13,synthetic
3,adaptive_q25_fine,seven,True,coverage_and_clearing,True,4438.991316,341.46087046153843,0.33519341598730534,7,0,18759.95657968743,97,105,13,13,74,20260917,13,synthetic
3,adaptive_q10,seven,True,coverage_and_clearing,True,4692.408432,360.9544947692308,0.3265273750294,7,0,19702.04216196306,97,118,13,13,74,20260917,13,synthetic
3,adaptive_q10_dynamic,seven,True,coverage_and_clearing,True,4451.797979,342.4459983846154,0.24141524999868125,7,0,18698.989894630966,97,110,13,13,74,20260917,13,synthetic
3,adaptive_q10_dynamic_fine,seven,True,coverage_and_clearing,True,4625.40886,355.8006815384615,0.5750836249790154,7,0,19417.044298370576,97,116,13,13,74,20260917,13,synthetic
3,adaptive_q25_dynamic,seven,True,coverage_and_clearing,True,4486.950861,345.15006623076926,0.1723459999775514,7,0,18974.754304553862,97,106,13,13,74,20260917,13,synthetic
3,adaptive_q25_dynamic_fine,seven,True,coverage_and_clearing,True,4438.991316,341.46087046153843,0.30745641700923443,7,0,18759.95657968743,97,105,13,13,74,20260917,13,synthetic
3,adaptive,seven,True,coverage_and_clearing,True,6157.7147,410.51431333333335,0.2181099159643054,7,0,27478.57350105405,87,100,15,15,60,20260918,15,synthetic
3,adaptive_q25,seven,True,coverage_and_clearing,True,5342.791794,356.1861196,0.2471344160148874,7,0,23328.958972066866,87,103,15,15,60,20260918,15,synthetic
3,adaptive_q25_fine,seven,True,coverage_and_clearing,True,5149.740139,343.3160092666667,0.44691841601161286,7,0,22438.70069691977,87,100,15,15,60,20260918,15,synthetic
3,adaptive_q10,seven,True,coverage_and_clearing,True,5192.786517,346.18576779999995,0.41930470801889896,7,0,22328.9325833686,87,113,15,15,60,20260918,15,synthetic
3,adaptive_q10_dynamic,seven,True,coverage_and_clearing,True,4900.577565,326.70517099999995,0.40085887495661154,7,0,21042.88782578128,87,106,15,15,60,20260918,15,synthetic
3,adaptive_q10_dynamic_fine,seven,True,coverage_and_clearing,True,5203.871653,346.92477686666666,0.8847026250441559,7,0,22284.358265040028,87,117,15,15,60,20260918,15,synthetic
3,adaptive_q25_dynamic,seven,True,coverage_and_clearing,True,4933.182037,328.8788024666666,0.2694465419626795,7,0,21280.910186001413,87,103,15,15,60,20260918,15,synthetic
3,adaptive_q25_dynamic_fine,seven,True,coverage_and_clearing,True,5149.740139,343.3160092666667,0.4421697909710929,7,0,22438.70069691977,87,100,15,15,60,20260918,15,synthetic
3,adaptive,seven,True,coverage_and_clearing,True,4395.45509,399.5868263636364,0.11913162498967722,7,0,18537.2754508881,103,106,11,11,82,20260919,11,synthetic
3,adaptive_q25,seven,True,coverage_and_clearing,True,3805.325269,345.9386608181818,0.1632343750097789,7,0,15511.626345028428,103,109,11,11,82,20260919,11,synthetic
3,adaptive_q25_fine,seven,True,coverage_and_clearing,True,3755.005085,341.3640986363636,0.29798750003101304,7,0,15260.025425846845,103,109,11,11,82,20260919,11,synthetic
3,adaptive_q10,seven,True,coverage_and_clearing,True,3734.020943,339.45644936363635,0.2398264170042239,7,0,14980.104715867894,103,116,11,11,82,20260919,11,synthetic
3,adaptive_q10_dynamic,seven,True,coverage_and_clearing,True,3660.631495,332.78468136363637,0.2840661670197733,7,0,14688.157475701564,103,113,11,11,82,20260919,11,synthetic
3,adaptive_q10_dynamic_fine,seven,True,coverage_and_clearing,True,3715.907253,337.8097502727273,0.45709354197606444,7,0,14914.536267292793,103,115,11,11,82,20260919,11,synthetic
3,adaptive_q25_dynamic,seven,True,coverage_and_clearing,True,3706.024003,336.911273,0.17480562499258667,7,0,14990.120017239986,103,110,11,11,82,20260919,11,synthetic
3,adaptive_q25_dynamic_fine,seven,True,coverage_and_clearing,True,3755.005085,341.3640986363636,0.3096959589747712,7,0,15260.025425846845,103,109,11,11,82,20260919,11,synthetic
3,adaptive,seven,True,coverage_and_clearing,True,5107.214865,392.86268192307693,0.17587824998190627,7,0,22621.07432508328,78,88,13,13,57,20260920,13,synthetic
3,adaptive_q25,seven,True,coverage_and_clearing,True,4193.697507,322.5921159230769,0.19594924995908514,7,0,18003.48753494749,78,90,13,13,57,20260920,13,synthetic
3,adaptive_q25_fine,seven,True,coverage_and_clearing,True,4089.239113,314.55685484615384,0.402945332985837,7,0,17431.195566544764,78,92,13,13,57,20260920,13,synthetic
3,adaptive_q10,seven,True,coverage_and_clearing,True,4408.88563,339.14504846153847,0.32296891702571884,7,0,18779.428149225743,78,102,13,13,57,20260920,13,synthetic
3,adaptive_q10_dynamic,seven,True,coverage_and_clearing,True,3976.012522,305.8471170769231,0.22528904199134558,7,0,16840.06260914663,78,93,13,13,57,20260920,13,synthetic
3,adaptive_q10_dynamic_fine,seven,True,coverage_and_clearing,True,4347.076133,334.3904717692307,0.6573980000102893,7,0,18445.38066479079,78,103,13,13,57,20260920,13,synthetic
3,adaptive_q25_dynamic,seven,True,coverage_and_clearing,True,4001.550474,307.81157492307693,0.21379324997542426,7,0,16992.75237085112,78,92,13,13,57,20260920,13,synthetic
3,adaptive_q25_dynamic_fine,seven,True,coverage_and_clearing,True,4089.239113,314.55685484615384,0.40226162498584017,7,0,17431.195566544764,78,92,13,13,57,20260920,13,synthetic
3,adaptive,seven,True,coverage_and_clearing,True,4569.201572,456.9201572,0.13460504100658,7,0,19116.007861205413,111,117,10,10,93,20260921,10,synthetic
3,adaptive_q25,seven,True,coverage_and_clearing,True,3911.733215,391.17332150000004,0.134612166963052,7,0,15828.666073337954,111,117,10,10,93,20260921,10,synthetic
3,adaptive_q25_fine,seven,True,coverage_and_clearing,True,3852.710771,385.2710771,0.24902987497625872,7,0,15533.553853651703,111,117,10,10,93,20260921,10,synthetic
3,adaptive_q10,seven,True,coverage_and_clearing,True,3982.922083,398.29220829999997,0.2279976669815369,7,0,15984.610416614245,111,125,10,10,93,20260921,10,synthetic
3,adaptive_q10_dynamic,seven,True,coverage_and_clearing,True,3852.146457,385.2146457,0.18328054202720523,7,0,15430.732286304494,111,121,10,10,93,20260921,10,synthetic
3,adaptive_q10_dynamic_fine,seven,True,coverage_and_clearing,True,3969.358274,396.9358274,0.4645435829879716,7,0,15891.791371601055,111,126,10,10,93,20260921,10,synthetic
3,adaptive_q25_dynamic,seven,True,coverage_and_clearing,True,3877.673584,387.76735840000003,0.17567458300618455,7,0,15583.367918614675,111,120,10,10,93,20260921,10,synthetic
3,adaptive_q25_dynamic_fine,seven,True,coverage_and_clearing,True,3852.710771,385.2710771,0.310206875030417,7,0,15533.553853651703,111,117,10,10,93,20260921,10,synthetic
3,adaptive,seven,True,coverage_and_clearing,True,5078.72449,362.766035,0.20546425000065938,7,0,21783.622451530962,102,110,14,14,76,20260922,14,synthetic
3,adaptive_q25,seven,True,coverage_and_clearing,True,4138.107153,295.57908235714285,0.2314623750280589,7,0,17005.535766065834,102,113,14,14,76,20260922,14,synthetic
3,adaptive_q25_fine,seven,True,coverage_and_clearing,True,4149.141392,296.3672422857143,0.4541932500433177,7,0,17060.706959345123,102,113,14,14,76,20260922,14,synthetic
3,adaptive_q10,seven,True,coverage_and_clearing,True,4224.090106,301.72072185714285,0.33190633403137326,7,0,17260.450532433704,102,120,14,14,76,20260922,14,synthetic
3,adaptive_q10_dynamic,seven,True,coverage_and_clearing,True,4016.080051,286.8628607857143,0.33587624999927357,7,0,16195.400256768953,102,121,14,14,76,20260922,14,synthetic
3,adaptive_q10_dynamic_fine,seven,True,coverage_and_clearing,True,4282.742983,305.9102130714286,0.6747210830217227,7,0,17453.71491264673,102,124,14,14,76,20260922,14,synthetic
3,adaptive_q25_dynamic,seven,True,coverage_and_clearing,True,4006.660598,286.1900427142857,0.2575666670454666,7,0,16298.302987912743,102,115,14,14,76,20260922,14,synthetic
3,adaptive_q25_dynamic_fine,seven,True,coverage_and_clearing,True,4149.141392,296.3672422857143,0.4229384580394253,7,0,17060.706959345123,102,113,14,14,76,20260922,14,synthetic
3,adaptive,seven,True,coverage_and_clearing,True,4958.917291,495.89172909999996,0.1714000829961151,7,0,20984.58645343874,112,120,10,10,93,20260923,10,synthetic
3,adaptive_q25,seven,True,coverage_and_clearing,True,4328.627695,432.8627695,0.1831913750502281,7,0,17808.138475161395,112,121,10,10,93,20260923,10,synthetic
3,adaptive_q25_fine,seven,True,coverage_and_clearing,True,4211.40003,421.140003,0.30691012501483783,7,0,17247.000148114366,112,120,10,10,93,20260923,10,synthetic
3,adaptive_q10,seven,True,coverage_and_clearing,True,4399.843804,439.9843804,0.2560283339698799,7,0,17964.219022098754,112,129,10,10,93,20260923,10,synthetic
3,adaptive_q10_dynamic,seven,True,coverage_and_clearing,True,4082.236108,408.2236108,0.1928467499674298,7,0,16526.180540732796,112,123,10,10,93,20260923,10,synthetic
3,adaptive_q10_dynamic_fine,seven,True,coverage_and_clearing,True,4396.907753,439.69077530000004,0.5386263749678619,7,0,17899.538766494203,112,131,10,10,93,20260923,10,synthetic
3,adaptive_q25_dynamic,seven,True,coverage_and_clearing,True,4205.043689,420.50436890000003,0.19160479097627103,7,0,17140.218442570396,112,123,10,10,93,20260923,10,synthetic
3,adaptive_q25_dynamic_fine,seven,True,coverage_and_clearing,True,4211.40003,421.140003,0.2978785840095952,7,0,17247.000148114366,112,120,10,10,93,20260923,10,synthetic
3,adaptive,seven,True,coverage_and_clearing,True,5172.21421,431.01785083333334,0.1541538330493495,7,0,22421.071048756276,98,106,12,12,77,20260924,12,synthetic
3,adaptive_q25,seven,True,coverage_and_clearing,True,4372.42634,364.36886166666665,0.19375012494856492,7,0,18347.13169896445,98,109,12,12,77,20260924,12,synthetic
3,adaptive_q25_fine,seven,True,coverage_and_clearing,True,4337.26067,361.43838916666664,0.3811777500086464,7,0,18146.303347812063,98,110,12,12,77,20260924,12,synthetic
3,adaptive_q10,seven,True,coverage_and_clearing,True,4163.685249,346.97377075,0.2735252910060808,7,0,17128.426247000916,98,116,12,12,77,20260924,12,synthetic
3,adaptive_q10_dynamic,seven,True,coverage_and_clearing,True,4016.355336,334.696278,0.24924733297666535,7,0,16441.776678104678,98,114,12,12,77,20260924,12,synthetic
3,adaptive_q10_dynamic_fine,seven,True,coverage_and_clearing,True,4097.959112,341.49659266666663,0.5001515410258435,7,0,16824.7955583106,98,115,12,12,77,20260924,12,synthetic
3,adaptive_q25_dynamic,seven,True,coverage_and_clearing,True,4176.459589,348.03829908333336,0.19852529099443927,7,0,17342.297945594244,98,110,12,12,77,20260924,12,synthetic
3,adaptive_q25_dynamic_fine,seven,True,coverage_and_clearing,True,4337.26067,361.43838916666664,0.36857120896456763,7,0,18146.303347812063,98,110,12,12,77,20260924,12,synthetic
3,adaptive,seven,True,coverage_and_clearing,True,5912.513361,394.1675574,0.2065427500056103,7,0,26397.566806993844,83,95,15,15,58,20260925,15,synthetic
3,adaptive_q25,seven,True,coverage_and_clearing,True,4980.311014,332.02073426666664,0.23337437497684732,7,0,21661.555070102677,83,98,15,15,58,20260925,15,synthetic
3,adaptive_q25_fine,seven,True,coverage_and_clearing,True,4888.639116,325.9092744,0.4655444170348346,7,0,21178.195578391584,83,99,15,15,58,20260925,15,synthetic
3,adaptive_q10,seven,True,coverage_and_clearing,True,5145.63585,343.04238999999995,0.36555237497668713,7,0,22213.179250410274,83,109,15,15,58,20260925,15,synthetic
3,adaptive_q10_dynamic,seven,True,coverage_and_clearing,True,4729.423098,315.29487320000004,0.2763411670457572,7,0,20332.115491265162,83,101,15,15,58,20260925,15,synthetic
3,adaptive_q10_dynamic_fine,seven,True,coverage_and_clearing,True,5179.982894,345.3321929333333,0.6990697500295937,7,0,22359.914468431063,83,110,15,15,58,20260925,15,synthetic
3,adaptive_q25_dynamic,seven,True,coverage_and_clearing,True,4843.285386,322.8856924,0.265496542036999,7,0,20901.426931396676,83,101,15,15,58,20260925,15,synthetic
3,adaptive_q25_dynamic_fine,seven,True,coverage_and_clearing,True,4888.639116,325.9092744,0.48566329199820757,7,0,21178.195578391584,83,99,15,15,58,20260925,15,synthetic
3,adaptive,seven,True,coverage_and_clearing,True,5898.620151,393.2413434,0.22428420901997015,7,0,26013.10075748304,96,105,15,15,67,20260926,15,synthetic
3,adaptive_q25,seven,True,coverage_and_clearing,True,4856.626961,323.77513073333336,0.29985379200661555,7,0,20703.134802519333,96,109,15,15,67,20260926,15,synthetic
3,adaptive_q25_fine,seven,True,coverage_and_clearing,True,4662.194842,310.81298946666664,0.49455958395265043,7,0,19805.974208893378,96,106,15,15,67,20260926,15,synthetic
3,adaptive_q10,seven,True,coverage_and_clearing,True,5011.536896,334.1024597333333,0.39145929203368723,7,0,21152.68447767471,96,122,15,15,67,20260926,15,synthetic
3,adaptive_q10_dynamic,seven,True,coverage_and_clearing,True,4516.946588,301.1297725333333,0.2979572499752976,7,0,18929.73293780655,96,112,15,15,67,20260926,15,synthetic
3,adaptive_q10_dynamic_fine,seven,True,coverage_and_clearing,True,5014.00423,334.2669486666666,0.7898156669689342,7,0,21140.021148777334,96,123,15,15,67,20260926,15,synthetic
3,adaptive_q25_dynamic,seven,True,coverage_and_clearing,True,4617.415994,307.8277329333333,0.22935037495335564,7,0,19582.079968431433,96,106,15,15,67,20260926,15,synthetic
3,adaptive_q25_dynamic_fine,seven,True,coverage_and_clearing,True,4662.194842,310.81298946666664,0.5262303330237046,7,0,19805.974208893378,96,106,15,15,67,20260926,15,synthetic
3,adaptive,seven,True,coverage_and_clearing,True,5290.551169,406.96547453846154,0.20704304100945592,7,0,23102.75584686349,90,103,13,13,68,20260927,13,synthetic
3,adaptive_q25,seven,True,coverage_and_clearing,True,4471.593331,343.96871776923075,0.24206941697048023,7,0,18932.966654760825,90,106,13,13,68,20260927,13,synthetic
3,adaptive_q25_fine,seven,True,coverage_and_clearing,True,4385.115943,337.31661099999997,0.49008579197106883,7,0,18525.57971455012,90,105,13,13,68,20260927,13,synthetic
3,adaptive_q10,seven,True,coverage_and_clearing,True,4651.449316,357.80379353846155,0.37505045800935477,7,0,19632.246581948013,90,114,13,13,68,20260927,13,synthetic
3,adaptive_q10_dynamic,seven,True,coverage_and_clearing,True,4171.776173,320.90585946153845,0.2900172080262564,7,0,17408.88086543791,90,107,13,13,68,20260927,13,synthetic
3,adaptive_q10_dynamic_fine,seven,True,coverage_and_clearing,True,4557.422728,350.57097907692304,0.650637959013693,7,0,19137.113640913885,90,115,13,13,68,20260927,13,synthetic
3,adaptive_q25_dynamic,seven,True,coverage_and_clearing,True,4224.897251,324.9920962307693,0.21668512496398762,7,0,17749.48625406542,90,104,13,13,68,20260927,13,synthetic
3,adaptive_q25_dynamic_fine,seven,True,coverage_and_clearing,True,4385.115943,337.31661099999997,0.4248502500122413,7,0,18525.57971455012,90,105,13,13,68,20260927,13,synthetic
3,adaptive,seven,True,coverage_and_clearing,True,4880.238391,443.65803554545454,0.17440266703488305,7,0,20631.191954606216,109,118,11,11,89,20260928,11,synthetic
3,adaptive_q25,seven,True,coverage_and_clearing,True,3857.849516,350.7135923636364,0.18421149998903275,7,0,15494.247577616103,109,119,11,11,89,20260928,11,synthetic
3,adaptive_q25_fine,seven,True,coverage_and_clearing,True,3798.423001,345.3111819090909,0.3445924579864368,7,0,15197.115006666998,109,119,11,11,89,20260928,11,synthetic
3,adaptive_q10,seven,True,coverage_and_clearing,True,3856.59473,350.59952090909087,0.23339258402120322,7,0,15362.973651802373,109,124,11,11,89,20260928,11,synthetic
3,adaptive_q10_dynamic,seven,True,coverage_and_clearing,True,3599.184829,327.1986208181818,0.18265945900930092,7,0,14200.924145749164,109,119,11,11,89,20260928,11,synthetic
3,adaptive_q10_dynamic_fine,seven,True,coverage_and_clearing,True,3898.988438,354.45349436363637,0.4492270420305431,7,0,15574.942187978251,109,124,11,11,89,20260928,11,synthetic
3,adaptive_q25_dynamic,seven,True,coverage_and_clearing,True,3647.750762,331.61370563636365,0.17304104199865833,7,0,14468.753810765245,109,118,11,11,89,20260928,11,synthetic
3,adaptive_q25_dynamic_fine,seven,True,coverage_and_clearing,True,3798.423001,345.3111819090909,0.34421979199396446,7,0,15197.115006666998,109,119,11,11,89,20260928,11,synthetic
3,adaptive,seven,True,coverage_and_clearing,True,4651.532883,422.8666257272727,0.1226562499650754,7,0,19947.664416153435,97,102,11,11,77,20260929,11,synthetic
3,adaptive_q25,seven,True,coverage_and_clearing,True,4027.68992,366.1536290909091,0.14726004103431478,7,0,16778.449598850104,97,104,11,11,77,20260929,11,synthetic
3,adaptive_q25_fine,seven,True,coverage_and_clearing,True,4040.18702,367.2897290909091,0.31974395900033414,7,0,16790.93509866137,97,106,11,11,77,20260929,11,synthetic
3,adaptive_q10,seven,True,coverage_and_clearing,True,4088.061001,371.64190918181816,0.24328604200854897,7,0,16855.30500307701,97,113,11,11,77,20260929,11,synthetic
3,adaptive_q10_dynamic,seven,True,coverage_and_clearing,True,3831.80172,348.3456109090909,0.22727137501351535,7,0,15699.008600927686,97,108,11,11,77,20260929,11,synthetic
3,adaptive_q10_dynamic_fine,seven,True,coverage_and_clearing,True,4057.886986,368.8988169090909,0.502835999999661,7,0,16729.43493216565,97,112,11,11,77,20260929,11,synthetic
3,adaptive_q25_dynamic,seven,True,coverage_and_clearing,True,3881.171328,352.8337570909091,0.1829788750037551,7,0,16020.856638025089,97,105,11,11,77,20260929,11,synthetic
3,adaptive_q25_dynamic_fine,seven,True,coverage_and_clearing,True,4040.18702,367.2897290909091,0.33856100001139566,7,0,16790.93509866137,97,106,11,11,77,20260929,11,synthetic
3,adaptive,seven,True,coverage_and_clearing,True,5723.693523,408.83525164285714,0.22244654200039804,7,0,25408.467614818015,87,97,14,14,60,20260930,14,synthetic
3,adaptive_q25,seven,True,coverage_and_clearing,True,4668.887646,333.49197471428573,0.2822486669756472,7,0,19984.438230659758,87,103,14,14,60,20260930,14,synthetic
3,adaptive_q25_fine,seven,True,coverage_and_clearing,True,4625.455611,330.38968650000004,0.5798928340082057,7,0,19742.27805514793,87,104,14,14,60,20260930,14,synthetic
3,adaptive_q10,seven,True,coverage_and_clearing,True,4638.751304,331.3393788571429,0.3889504999970086,7,0,19683.756518865925,87,109,14,14,60,20260930,14,synthetic
3,adaptive_q10_dynamic,seven,True,coverage_and_clearing,True,4298.857465,307.0612475,0.3374168330337852,7,0,18134.287325574987,87,103,14,14,60,20260930,14,synthetic
3,adaptive_q10_dynamic_fine,seven,True,coverage_and_clearing,True,4635.863099,331.1330785,0.7646926250308752,7,0,19669.31549598568,87,109,14,14,60,20260930,14,synthetic
3,adaptive_q25_dynamic,seven,True,coverage_and_clearing,True,4396.930787,314.0664847857143,0.277166958025191,7,0,18674.653936637445,87,101,14,14,60,20260930,14,synthetic
3,adaptive_q25_dynamic_fine,seven,True,coverage_and_clearing,True,4625.455611,330.38968650000004,0.5798158330144361,7,0,19742.27805514793,87,104,14,14,60,20260930,14,synthetic
3,adaptive,seven,True,coverage_and_clearing,True,5530.992021,460.91600175,0.21151200000895187,7,0,24179.960102967434,95,108,12,12,75,20260931,12,synthetic
3,adaptive_q25,seven,True,coverage_and_clearing,True,4897.462324,408.12186033333336,0.24374937498942018,7,0,20962.311622397792,95,110,12,12,75,20260931,12,synthetic
3,adaptive_q25_fine,seven,True,coverage_and_clearing,True,4799.805417,399.98378475,0.4305055410368368,7,0,20499.02708635221,95,109,12,12,75,20260931,12,synthetic
3,adaptive_q10,seven,True,coverage_and_clearing,True,4540.666908,378.388909,0.2953968750080094,7,0,18963.334538637097,98,118,12,12,79,20260931,12,synthetic
3,adaptive_q10_dynamic,seven,True,coverage_and_clearing,True,4335.373438,361.2811198333333,0.34074725001119077,7,0,18036.867190864763,98,114,12,12,79,20260931,12,synthetic
3,adaptive_q10_dynamic_fine,seven,True,coverage_and_clearing,True,4526.04362,377.1703016666667,0.5697393330046907,7,0,18865.218101804934,98,119,12,12,79,20260931,12,synthetic
3,adaptive_q25_dynamic,seven,True,coverage_and_clearing,True,4336.653617,361.38780141666666,0.21443037502467632,7,0,18093.26808375945,98,112,12,12,79,20260931,12,synthetic
3,adaptive_q25_dynamic_fine,seven,True,coverage_and_clearing,True,4799.805417,399.98378475,0.39630179200321436,7,0,20499.02708635221,95,109,12,12,75,20260931,12,synthetic
3,adaptive,seven,True,coverage_and_clearing,True,5493.677088,422.59054523076924,0.1932543749571778,7,0,24228.38543932011,88,99,13,13,65,20260932,13,synthetic
3,adaptive_q25,seven,True,coverage_and_clearing,True,4560.467842,350.8052186153846,0.22623670799657702,7,0,19487.33921145576,88,102,13,13,65,20260932,13,synthetic
3,adaptive_q25_fine,seven,True,coverage_and_clearing,True,4476.385262,344.3373278461538,0.4218234580475837,7,0,19091.926308477854,88,101,13,13,65,20260932,13,synthetic
3,adaptive_q10,seven,True,coverage_and_clearing,True,4643.650174,357.2038595384616,0.2758635409991257,7,0,19803.25087177155,88,106,13,13,65,20260932,13,synthetic
3,adaptive_q10_dynamic,seven,True,coverage_and_clearing,True,4492.211498,345.5547306153846,0.261614166025538,7,0,19071.05748928716,88,105,13,13,65,20260932,13,synthetic
3,adaptive_q10_dynamic_fine,seven,True,coverage_and_clearing,True,4594.189679,353.39920607692306,0.5435959159513004,7,0,19530.948392650716,88,107,13,13,65,20260932,13,synthetic
3,adaptive_q25_dynamic,seven,True,coverage_and_clearing,True,4488.998172,345.30755169230764,0.23975324997445568,7,0,19104.990862386418,88,103,13,13,65,20260932,13,synthetic
3,adaptive_q25_dynamic_fine,seven,True,coverage_and_clearing,True,4476.385262,344.3373278461538,0.40867625002283603,7,0,19091.926308477854,88,101,13,13,65,20260932,13,synthetic
3,adaptive,seven,True,coverage_and_clearing,True,4673.166739,467.3166739,0.14825687499251217,7,0,19950.83369623442,98,107,10,10,81,20260933,10,synthetic
3,adaptive_q25,seven,True,coverage_and_clearing,True,4166.049246,416.60492459999995,0.16651754098711535,7,0,17365.246229915498,98,109,10,10,81,20260933,10,synthetic
3,adaptive_q25_fine,seven,True,coverage_and_clearing,True,4163.061191,416.3061191,0.36526737496024,7,0,17300.3059559283,98,111,10,10,81,20260933,10,synthetic
3,adaptive_q10,seven,True,coverage_and_clearing,True,4254.932547,425.4932547,0.23587141605094075,7,0,17659.66273547482,98,115,10,10,81,20260933,10,synthetic
3,adaptive_q10_dynamic,seven,True,coverage_and_clearing,True,4101.549411,410.1549411,0.20518866600468755,7,0,16967.74705427995,98,112,10,10,81,20260933,10,synthetic
3,adaptive_q10_dynamic_fine,seven,True,coverage_and_clearing,True,4207.094756,420.7094756,0.4317052089609206,7,0,17445.473780117012,98,114,10,10,81,20260933,10,synthetic
3,adaptive_q25_dynamic,seven,True,coverage_and_clearing,True,4137.92535,413.79253500000004,0.15702520799823105,7,0,17249.626751710304,98,108,10,10,81,20260933,10,synthetic
3,adaptive_q25_dynamic_fine,seven,True,coverage_and_clearing,True,4163.061191,416.3061191,0.3750982079654932,7,0,17300.3059559283,98,111,10,10,81,20260933,10,synthetic
3,adaptive,seven,True,coverage_and_clearing,True,4981.398477,355.8141769285714,0.21870349999517202,7,0,21581.992382709508,90,101,14,14,65,20260934,14,synthetic
3,adaptive_q25,seven,True,coverage_and_clearing,True,4226.916027,301.9225733571429,0.2591576250270009,7,0,17759.58013650486,90,103,14,14,65,20260934,14,synthetic
3,adaptive_q25_fine,seven,True,coverage_and_clearing,True,4163.840964,297.4172117142857,0.5828888340038247,7,0,17369.204819107992,90,106,14,14,65,20260934,14,synthetic
3,adaptive_q10,seven,True,coverage_and_clearing,True,4293.394451,306.67103221428573,0.4199782090145163,7,0,17891.972253332086,90,111,14,14,65,20260934,14,synthetic
3,adaptive_q10_dynamic,seven,True,coverage_and_clearing,True,4114.128259,293.8663042142857,0.32352983398595825,7,0,17070.64129747935,90,108,14,14,65,20260934,14,synthetic
3,adaptive_q10_dynamic_fine,seven,True,coverage_and_clearing,True,4220.323461,301.45167578571426,0.6497169999638572,7,0,17526.617304588108,90,111,14,14,65,20260934,14,synthetic
3,adaptive_q25_dynamic,seven,True,coverage_and_clearing,True,4144.734592,296.05247085714285,0.26049900002544746,7,0,17298.672958549927,90,105,14,14,65,20260934,14,synthetic
3,adaptive_q25_dynamic_fine,seven,True,coverage_and_clearing,True,4163.840964,297.4172117142857,0.5195091249770485,7,0,17369.204819107992,90,106,14,14,65,20260934,14,synthetic
3,adaptive,seven,True,coverage_and_clearing,True,4518.341124,451.8341124,0.14248279196908697,7,0,19141.705620978704,100,108,10,10,83,20260935,10,synthetic
3,adaptive_q25,seven,True,coverage_and_clearing,True,3924.203552,392.4203552,0.15653533401200548,7,0,16146.017758166472,100,109,10,10,83,20260935,10,synthetic
3,adaptive_q25_fine,seven,True,coverage_and_clearing,True,3825.692507,382.5692507,0.2929266659775749,7,0,15653.46253277099,100,109,10,10,83,20260935,10,synthetic
3,adaptive_q10,seven,True,coverage_and_clearing,True,3991.781793,399.1781793,0.2512298329966143,7,0,16283.908964928334,100,117,10,10,83,20260935,10,synthetic
3,adaptive_q10_dynamic,seven,True,coverage_and_clearing,True,3813.826088,381.38260879999996,0.19911941699683666,7,0,15519.130441576497,100,112,10,10,83,20260935,10,synthetic
3,adaptive_q10_dynamic_fine,seven,True,coverage_and_clearing,True,3902.310088,390.23100880000004,0.46344037499511614,7,0,15836.550442328424,100,117,10,10,83,20260935,10,synthetic
3,adaptive_q25_dynamic,seven,True,coverage_and_clearing,True,3850.088558,385.0088558,0.17857008299324661,7,0,15725.442789397046,100,111,10,10,83,20260935,10,synthetic
3,adaptive_q25_dynamic_fine,seven,True,coverage_and_clearing,True,3825.692507,382.5692507,0.2943881250103004,7,0,15653.46253277099,100,109,10,10,83,20260935,10,synthetic
3,adaptive,seven,True,coverage_and_clearing,True,5666.899505,377.7933003333334,0.215845208032988,7,0,25159.497522590627,85,95,15,15,58,20260936,15,synthetic
3,adaptive_q25,seven,True,coverage_and_clearing,True,4600.8592,306.7239466666667,0.25524629099527374,7,0,19729.296002439198,85,99,15,15,58,20260936,15,synthetic
3,adaptive_q25_fine,seven,True,coverage_and_clearing,True,4591.82011,306.12134066666664,0.4963116670260206,7,0,19684.100550323332,85,99,15,15,58,20260936,15,synthetic
3,adaptive_q10,seven,True,coverage_and_clearing,True,4754.284915,316.9523276666667,0.3551680420059711,7,0,20271.424576196536,85,108,15,15,58,20260936,15,synthetic
3,adaptive_q10_dynamic,seven,True,coverage_and_clearing,True,4400.179326,293.3452884,0.3142465419950895,7,0,18600.89662791494,85,104,15,15,58,20260936,15,synthetic
3,adaptive_q10_dynamic_fine,seven,True,coverage_and_clearing,True,4632.522163,308.83481086666666,0.6788211669772863,7,0,19662.610817102468,85,108,15,15,58,20260936,15,synthetic
3,adaptive_q25_dynamic,seven,True,coverage_and_clearing,True,4489.41573,299.294382,0.25758054200559855,7,0,19172.07864845678,85,99,15,15,58,20260936,15,synthetic
3,adaptive_q25_dynamic_fine,seven,True,coverage_and_clearing,True,4591.82011,306.12134066666664,0.4858127919724211,7,0,19684.100550323332,85,99,15,15,58,20260936,15,synthetic
3,adaptive,seven,True,coverage_and_clearing,True,5009.210121,455.3827382727273,0.17442200001096353,7,0,21761.050603209107,92,102,11,11,73,20260937,11,synthetic
3,adaptive_q25,seven,True,coverage_and_clearing,True,4333.690823,393.97189299999997,0.2014991250471212,7,0,18333.45411678446,92,104,11,11,73,20260937,11,synthetic
3,adaptive_q25_fine,seven,True,coverage_and_clearing,True,4259.838183,387.2580166363636,0.3812738750129938,7,0,17964.190913064052,92,104,11,11,73,20260937,11,synthetic
3,adaptive_q10,seven,True,coverage_and_clearing,True,4306.813869,391.52853354545454,0.27446012501604855,7,0,18024.06934518254,92,111,11,11,73,20260937,11,synthetic
3,adaptive_q10_dynamic,seven,True,coverage_and_clearing,True,4185.866274,380.5332976363636,0.23414229199988768,7,0,17519.331371772736,92,107,11,11,73,20260937,11,synthetic
3,adaptive_q10_dynamic_fine,seven,True,coverage_and_clearing,True,4284.696528,389.5178661818182,0.5476464160019532,7,0,17888.482641555816,92,112,11,11,73,20260937,11,synthetic
3,adaptive_q25_dynamic,seven,True,coverage_and_clearing,True,4304.974902,391.3613547272727,0.22105783299775794,7,0,18139.87450827128,92,106,11,11,73,20260937,11,synthetic
3,adaptive_q25_dynamic_fine,seven,True,coverage_and_clearing,True,4259.838183,387.2580166363636,0.37508670799434185,7,0,17964.190913064052,92,104,11,11,73,20260937,11,synthetic
3,adaptive,seven,True,coverage_and_clearing,True,4607.874785,383.98956541666666,0.15023287502117455,7,0,19954.373926483673,87,94,12,12,66,20260938,12,synthetic
3,adaptive_q25,seven,True,coverage_and_clearing,True,3776.242305,314.68685875,0.1652242920245044,7,0,15771.211527069803,87,95,12,12,66,20260938,12,synthetic
3,adaptive_q25_fine,seven,True,coverage_and_clearing,True,3800.725626,316.7271355,0.3228520000120625,7,0,15868.628130117118,87,96,12,12,66,20260938,12,synthetic
3,adaptive_q10,seven,True,coverage_and_clearing,True,3915.410547,326.28421225,0.28420370898675174,7,0,16192.052734669951,87,106,12,12,66,20260938,12,synthetic
3,adaptive_q10_dynamic,seven,True,coverage_and_clearing,True,3710.393279,309.1994399166667,0.2056034579873085,7,0,15341.96639478869,87,99,12,12,66,20260938,12,synthetic
3,adaptive_q10_dynamic_fine,seven,True,coverage_and_clearing,True,3901.463049,325.12192075,0.5230398749699816,7,0,16147.315242604102,87,105,12,12,66,20260938,12,synthetic
3,adaptive_q25_dynamic,seven,True,coverage_and_clearing,True,3727.213626,310.6011355,0.1736824580002576,7,0,15501.068130747972,87,96,12,12,66,20260938,12,synthetic
3,adaptive_q25_dynamic_fine,seven,True,coverage_and_clearing,True,3800.725626,316.7271355,0.3245224999845959,7,0,15868.628130117118,87,96,12,12,66,20260938,12,synthetic
3,adaptive,seven,True,coverage_and_clearing,True,4852.209492,485.2209492,0.14956841699313372,7,0,20781.04745818579,101,109,10,10,84,20260939,10,synthetic
3,adaptive_q25,seven,True,coverage_and_clearing,True,3981.435169,398.1435169,0.12012012500781566,7,0,16477.175847130922,101,107,10,10,84,20260939,10,synthetic
3,adaptive_q25_fine,seven,True,coverage_and_clearing,True,3872.108039,387.21080390000003,0.220095458033029,7,0,15930.54019280677,101,107,10,10,84,20260939,10,synthetic
3,adaptive_q10,seven,True,coverage_and_clearing,True,4125.571157,412.55711570000005,0.23051033302908763,7,0,16947.855784324373,101,117,10,10,84,20260939,10,synthetic
3,adaptive_q10_dynamic,seven,True,coverage_and_clearing,True,3744.862552,374.4862552,0.17693999997572973,7,0,15169.312761922323,101,112,10,10,84,20260939,10,synthetic
3,adaptive_q10_dynamic_fine,seven,True,coverage_and_clearing,True,4090.359667,409.0359667,0.4201774999964982,7,0,16796.79833253556,101,116,10,10,84,20260939,10,synthetic
3,adaptive_q25_dynamic,seven,True,coverage_and_clearing,True,3794.608641,379.4608641,0.132843374973163,7,0,15518.04320381771,101,108,10,10,84,20260939,10,synthetic
3,adaptive_q25_dynamic_fine,seven,True,coverage_and_clearing,True,3872.108039,387.21080390000003,0.2236256250180304,7,0,15930.54019280677,101,107,10,10,84,20260939,10,synthetic
3,adaptive,seven,True,coverage_and_clearing,True,5298.144471,529.8144470999999,0.1976241659722291,7,0,22680.722355738133,112,120,10,10,94,20260940,10,synthetic
3,adaptive_q25,seven,True,coverage_and_clearing,True,4449.442284,444.9442284,0.16428916703443974,7,0,18412.21142099471,112,121,10,10,94,20260940,10,synthetic
3,adaptive_q25_fine,seven,True,coverage_and_clearing,True,4270.053479,427.0053479,0.25713637500302866,7,0,17565.267395258816,112,119,10,10,94,20260940,10,synthetic
3,adaptive_q10,seven,True,coverage_and_clearing,True,4600.270366,460.0270366,0.24212279100902379,7,0,18966.351831273238,112,129,10,10,94,20260940,10,synthetic
3,adaptive_q10_dynamic,seven,True,coverage_and_clearing,True,4162.135743,416.2135743,0.18256654200376943,7,0,16925.678715449343,112,123,10,10,94,20260940,10,synthetic
3,adaptive_q10_dynamic_fine,seven,True,coverage_and_clearing,True,4695.091463,469.5091463,0.5266553339897655,7,0,19365.457314273302,112,132,10,10,94,20260940,10,synthetic
3,adaptive_q25_dynamic,seven,True,coverage_and_clearing,True,4304.829771,430.48297709999997,0.16979908297071233,7,0,17664.14885622798,112,122,10,10,94,20260940,10,synthetic
3,adaptive_q25_dynamic_fine,seven,True,coverage_and_clearing,True,4270.053479,427.0053479,0.24674404202960432,7,0,17565.267395258816,112,119,10,10,94,20260940,10,synthetic
3,adaptive,seven,True,coverage_and_clearing,True,5231.612891,475.6011719090909,0.17765662499004975,7,0,22548.064454099636,102,113,11,11,83,20260941,11,synthetic
3,adaptive_q25,seven,True,coverage_and_clearing,True,4416.655639,401.514149,0.18382220895728096,7,0,18473.27819570838,102,113,11,11,83,20260941,11,synthetic
3,adaptive_q25_fine,seven,True,coverage_and_clearing,True,4451.999089,404.7271899090909,0.40677620901260525,7,0,18574.995444146745,102,116,11,11,83,20260941,11,synthetic
3,adaptive_q10,seven,True,coverage_and_clearing,True,4338.467844,394.4061676363636,0.2527364160050638,7,0,17907.339222182407,102,120,11,11,83,20260941,11,synthetic
3,adaptive_q10_dynamic,seven,True,coverage_and_clearing,True,4026.224102,366.0203729090909,0.20190466701751575,7,0,16471.120509356064,102,115,11,11,83,20260941,11,synthetic
3,adaptive_q10_dynamic_fine,seven,True,coverage_and_clearing,True,4317.328315,392.48439227272723,0.5162250829744153,7,0,17776.64157542104,102,121,11,11,83,20260941,11,synthetic
3,adaptive_q25_dynamic,seven,True,coverage_and_clearing,True,4109.975588,373.6341443636364,0.17108258401276544,7,0,16964.877938610123,102,112,11,11,83,20260941,11,synthetic
3,adaptive_q25_dynamic_fine,seven,True,coverage_and_clearing,True,4451.999089,404.7271899090909,0.40849845798220485,7,0,18574.995444146745,102,116,11,11,83,20260941,11,synthetic
3,adaptive,seven,True,coverage_and_clearing,True,5526.27611,460.52300916666667,0.17638279200764373,7,0,23931.380551593644,105,115,12,12,84,20260942,12,synthetic
3,adaptive_q25,seven,True,coverage_and_clearing,True,4532.557537,377.7131280833333,0.1534146250342019,7,0,19012.78768389192,105,113,12,12,84,20260942,12,synthetic
3,adaptive_q25_fine,seven,True,coverage_and_clearing,True,4434.870951,369.57257925,0.2948008750099689,7,0,18524.354755106808,105,113,12,12,84,20260942,12,synthetic
3,adaptive_q10,seven,True,coverage_and_clearing,True,4595.928494,382.99404116666665,0.29561187501531094,7,0,19004.642470843082,105,126,12,12,84,20260942,12,synthetic
3,adaptive_q10_dynamic,seven,True,coverage_and_clearing,True,4407.148482,367.26237349999997,0.2088788750115782,7,0,18260.74240885687,105,118,12,12,84,20260942,12,synthetic
3,adaptive_q10_dynamic_fine,seven,True,coverage_and_clearing,True,4534.692698,377.89105816666665,0.5420708750025369,7,0,18723.463489322075,105,125,12,12,84,20260942,12,synthetic
3,adaptive_q25_dynamic,seven,True,coverage_and_clearing,True,4410.161808,367.513484,0.1779698749887757,7,0,18350.809037708557,105,115,12,12,84,20260942,12,synthetic
3,adaptive_q25_dynamic_fine,seven,True,coverage_and_clearing,True,4434.870951,369.57257925,0.2943871249444783,7,0,18524.354755106808,105,113,12,12,84,20260942,12,synthetic
3,adaptive,seven,True,coverage_and_clearing,True,4971.556916,382.427455076923,0.15531562501564622,7,0,21442.784579674564,98,104,13,13,74,20260943,13,synthetic
3,adaptive_q25,seven,True,coverage_and_clearing,True,4277.94486,329.0726815384615,0.17840491700917482,7,0,17924.724299433696,98,106,13,13,74,20260943,13,synthetic
3,adaptive_q25_fine,seven,True,coverage_and_clearing,True,4206.934387,323.6103374615385,0.3517943340120837,7,0,17544.67193688492,98,107,13,13,74,20260943,13,synthetic
3,adaptive_q10,seven,True,coverage_and_clearing,True,4229.439511,325.3415008461538,0.22256583400303498,7,0,17582.197552578866,98,110,13,13,74,20260943,13,synthetic
3,adaptive_q10_dynamic,seven,True,coverage_and_clearing,True,4073.267974,313.3283056923077,0.22155008296249434,7,0,16801.339871672084,98,110,13,13,74,20260943,13,synthetic
3,adaptive_q10_dynamic_fine,seven,True,coverage_and_clearing,True,4136.690169,318.2069360769231,0.4175922920112498,7,0,17118.450843988423,98,110,13,13,74,20260943,13,synthetic
3,adaptive_q25_dynamic,seven,True,coverage_and_clearing,True,4167.376312,320.56740861538464,0.16741354198893532,7,0,17396.88155990051,98,105,13,13,74,20260943,13,synthetic
3,adaptive_q25_dynamic_fine,seven,True,coverage_and_clearing,True,4206.934387,323.6103374615385,0.3810299579636194,7,0,17544.67193688492,98,107,13,13,74,20260943,13,synthetic
3,adaptive,seven,True,upper_bound_16,True,5469.740085,341.8587553125,0.2262570000020787,6,0,24168.70042703111,86,94,16,16,55,20260944,16,synthetic
3,adaptive_q25,seven,True,upper_bound_16,True,4542.654453,283.9159033125,0.2683403340051882,6,0,19408.272262507664,86,99,16,16,55,20260944,16,synthetic
3,adaptive_q25_fine,seven,True,upper_bound_16,True,4488.400064,280.525004,0.545883041981142,6,0,19112.00032022673,86,100,16,16,55,20260944,16,synthetic
3,adaptive_q10,seven,True,upper_bound_16,True,4516.829374,282.301835875,0.36124479200225323,6,0,19079.14687012859,86,107,16,16,55,20260944,16,synthetic
3,adaptive_q10_dynamic,seven,True,upper_bound_16,True,4141.922814,258.870175875,0.34559383301530033,6,0,17304.614070939177,86,103,16,16,55,20260944,16,synthetic
3,adaptive_q10_dynamic_fine,seven,True,upper_bound_16,True,4438.240684,277.39004275,0.6885103330132551,6,0,18586.203418207402,86,111,16,16,55,20260944,16,synthetic
3,adaptive_q25_dynamic,seven,True,upper_bound_16,True,4273.235073,267.0771920625,0.29623645899118856,6,0,18011.175367480602,86,101,16,16,55,20260944,16,synthetic
3,adaptive_q25_dynamic_fine,seven,True,upper_bound_16,True,4488.400064,280.525004,0.4928140419651754,6,0,19112.00032022673,86,100,16,16,55,20260944,16,synthetic
3,adaptive,seven,True,coverage_and_clearing,True,4804.6834,436.7894,0.17118908296106383,7,0,21018.416997869575,81,93,11,11,64,20260945,11,synthetic
3,adaptive_q25,seven,True,coverage_and_clearing,True,4382.187438,398.38067618181816,0.20711825002217665,7,0,18830.93719090777,81,96,11,11,64,20260945,11,synthetic
3,adaptive_q25_fine,seven,True,coverage_and_clearing,True,4357.521178,396.13828890909093,0.49035337497480214,7,0,18607.605890299037,81,100,11,11,64,20260945,11,synthetic
3,adaptive_q10,seven,True,coverage_and_clearing,True,4444.900114,404.0818285454545,0.28887912502977997,7,0,18969.500571259083,81,103,11,11,64,20260945,11,synthetic
3,adaptive_q10_dynamic,seven,True,coverage_and_clearing,True,4157.57902,377.9617290909091,0.20970104198204353,7,0,17707.895101829097,81,96,11,11,64,20260945,11,synthetic
3,adaptive_q10_dynamic_fine,seven,True,coverage_and_clearing,True,4371.387494,397.39886309090906,0.5480764590320177,7,0,18601.93747187659,81,103,11,11,64,20260945,11,synthetic
3,adaptive_q25_dynamic,seven,True,coverage_and_clearing,True,4201.387098,381.94428163636366,0.19995416700839996,7,0,17951.93548891703,81,95,11,11,64,20260945,11,synthetic
3,adaptive_q25_dynamic_fine,seven,True,coverage_and_clearing,True,4357.521178,396.13828890909093,0.4897754159756005,7,0,18607.605890299037,81,100,11,11,64,20260945,11,synthetic
3,adaptive,seven,True,coverage_and_clearing,True,4504.056419,450.4056419,0.1551188339944929,7,0,18770.282092501526,110,118,10,10,93,20260946,10,synthetic
3,adaptive_q25,seven,True,coverage_and_clearing,True,3898.768216,389.87682159999997,0.1904570420156233,7,0,15643.841079587559,110,122,10,10,93,20260946,10,synthetic
3,adaptive_q25_fine,seven,True,coverage_and_clearing,True,3861.033677,386.1033677,0.34326983301434666,7,0,15480.168383778231,110,121,10,10,93,20260946,10,synthetic
3,adaptive_q10,seven,True,coverage_and_clearing,True,4129.212901,412.92129009999996,0.21499724994646385,7,0,16721.064505773804,110,125,10,10,93,20260946,10,synthetic
3,adaptive_q10_dynamic,seven,True,coverage_and_clearing,True,3949.911418,394.99114180000004,0.2121188750024885,7,0,15849.557089422295,110,124,10,10,93,20260946,10,synthetic
3,adaptive_q10_dynamic_fine,seven,True,coverage_and_clearing,True,4124.442207,412.4442207,0.5262676249840297,7,0,16572.21103510705,110,130,10,10,93,20260946,10,synthetic
3,adaptive_q25_dynamic,seven,True,coverage_and_clearing,True,3893.041917,389.3041917,0.16610920795938,7,0,15665.209587484798,110,120,10,10,93,20260946,10,synthetic
3,adaptive_q25_dynamic_fine,seven,True,coverage_and_clearing,True,3861.033677,386.1033677,0.34802045801188797,7,0,15480.168383778231,110,121,10,10,93,20260946,10,synthetic
3,adaptive,seven,True,coverage_and_clearing,True,5621.745224,401.5532302857143,0.22798404097557068,7,0,24873.726118214123,87,98,14,14,61,20260947,14,synthetic
3,adaptive_q25,seven,True,coverage_and_clearing,True,4737.455354,338.38966814285715,0.23770858300849795,7,0,20427.27676891643,87,99,14,14,61,20260947,14,synthetic
3,adaptive_q25_fine,seven,True,coverage_and_clearing,True,4679.147189,334.2247992142857,0.4040053749922663,7,0,20160.735944953958,87,98,14,14,61,20260947,14,synthetic
3,adaptive_q10,seven,True,coverage_and_clearing,True,4849.384835,346.38463107142854,0.32438941701548174,7,0,20736.92417542111,87,109,14,14,61,20260947,14,synthetic
3,adaptive_q10_dynamic,seven,True,coverage_and_clearing,True,4507.496695,321.9640496428571,0.2550340830348432,7,0,19202.483474699424,87,102,14,14,61,20260947,14,synthetic
3,adaptive_q10_dynamic_fine,seven,True,coverage_and_clearing,True,4837.165333,345.51180949999997,0.6075485000037588,7,0,20700.826666361318,87,108,14,14,61,20260947,14,synthetic
3,adaptive_q25_dynamic,seven,True,coverage_and_clearing,True,4559.835495,325.7025353571429,0.22821466700406745,7,0,19539.17747587247,87,99,14,14,61,20260947,14,synthetic
3,adaptive_q25_dynamic_fine,seven,True,coverage_and_clearing,True,4679.147189,334.2247992142857,0.4111972080427222,7,0,20160.735944953958,87,98,14,14,61,20260947,14,synthetic
3,adaptive,seven,True,coverage_and_clearing,True,5497.558479,392.6827485,0.2441502080182545,7,0,24282.792393351527,86,97,14,14,62,20260948,14,synthetic
3,adaptive_q25,seven,True,coverage_and_clearing,True,4670.321265,333.59437607142854,0.25486516603268683,7,0,20021.606324581157,86,102,14,14,62,20260948,14,synthetic
3,adaptive_q25_fine,seven,True,coverage_and_clearing,True,4538.533839,324.18098849999996,0.4223319160519168,7,0,19387.66919511422,86,101,14,14,62,20260948,14,synthetic
3,adaptive_q10,seven,True,coverage_and_clearing,True,5015.139202,358.22422871428574,0.34074445796431974,7,0,21470.69601198031,86,113,14,14,62,20260948,14,synthetic
3,adaptive_q10_dynamic,seven,True,coverage_and_clearing,True,4558.112575,325.57946964285713,0.27322825003648177,7,0,19385.56287403436,86,105,14,14,62,20260948,14,synthetic
3,adaptive_q10_dynamic_fine,seven,True,coverage_and_clearing,True,4943.385673,353.0989766428571,0.7584573749918491,7,0,21111.9283667477,86,113,14,14,62,20260948,14,synthetic
3,adaptive_q25_dynamic,seven,True,coverage_and_clearing,True,4651.716729,332.26548064285714,0.25566483300644904,7,0,19928.58364568145,86,102,14,14,62,20260948,14,synthetic
3,adaptive_q25_dynamic_fine,seven,True,coverage_and_clearing,True,4538.533839,324.18098849999996,0.44650354195619,7,0,19387.66919511422,86,101,14,14,62,20260948,14,synthetic
3,adaptive,seven,True,coverage_and_clearing,True,5882.812492,392.1874994666667,0.18117433396400884,7,0,26344.06246181107,84,91,15,15,56,20260949,15,synthetic
3,adaptive_q25,seven,True,coverage_and_clearing,True,4668.579839,311.23865593333335,0.25377320795087144,7,0,20097.89919533542,84,98,15,15,56,20260949,15,synthetic
3,adaptive_q25_fine,seven,True,coverage_and_clearing,True,4617.54038,307.83602533333334,0.4458935830043629,7,0,19892.70189993185,84,96,15,15,56,20260949,15,synthetic
3,adaptive_q10,seven,True,coverage_and_clearing,True,4848.491477,323.2327651333333,0.34732708299998194,7,0,20772.45738658016,84,107,15,15,56,20260949,15,synthetic
3,adaptive_q10_dynamic,seven,True,coverage_and_clearing,True,4234.652238,282.31014919999996,0.2435814579948783,7,0,17953.26119037163,84,97,15,15,56,20260949,15,synthetic
3,adaptive_q10_dynamic_fine,seven,True,coverage_and_clearing,True,4742.678046,316.1785364,0.6224979169783182,7,0,20293.390227847904,84,105,15,15,56,20260949,15,synthetic
3,adaptive_q25_dynamic,seven,True,coverage_and_clearing,True,4346.597514,289.7731676,0.23376595799345523,7,0,18562.98756829865,84,95,15,15,56,20260949,15,synthetic
3,adaptive_q25_dynamic_fine,seven,True,coverage_and_clearing,True,4617.54038,307.83602533333334,0.4478878329973668,7,0,19892.70189993185,84,96,15,15,56,20260949,15,synthetic
3,adaptive,seven,True,coverage_and_clearing,True,4954.804892,450.4368083636364,0.12691812502453104,7,0,21264.024461557357,102,109,11,11,84,20260950,11,synthetic
3,adaptive_q25,seven,True,coverage_and_clearing,True,3985.368963,362.3062693636364,0.15174929203931242,7,0,16366.84481285678,102,111,11,11,84,20260950,11,synthetic
3,adaptive_q25_fine,seven,True,coverage_and_clearing,True,4006.251412,364.20467381818185,0.35324450000189245,7,0,16421.257062459892,102,113,11,11,84,20260950,11,synthetic
3,adaptive_q10,seven,True,coverage_and_clearing,True,3963.98999,360.36272636363634,0.21981716703157872,7,0,16109.949948046462,102,117,11,11,84,20260950,11,synthetic
3,adaptive_q10_dynamic,seven,True,coverage_and_clearing,True,3873.079944,352.09817672727274,0.21032433304935694,7,0,15680.399719009349,102,116,11,11,84,20260950,11,synthetic
3,adaptive_q10_dynamic_fine,seven,True,coverage_and_clearing,True,3977.381064,361.58009672727275,0.464248874981422,7,0,16151.905320906593,102,118,11,11,84,20260950,11,synthetic
3,adaptive_q25_dynamic,seven,True,coverage_and_clearing,True,3956.83939,359.71267181818183,0.20762824994744733,7,0,16149.196949753496,102,114,11,11,84,20260950,11,synthetic
3,adaptive_q25_dynamic_fine,seven,True,coverage_and_clearing,True,4006.251412,364.20467381818185,0.35486195801058784,7,0,16421.257062459892,102,113,11,11,84,20260950,11,synthetic
3,adaptive,seven,True,coverage_and_clearing,True,5377.250602,413.6346616923077,0.2743369999807328,7,0,23406.253010835506,96,107,13,13,72,20260951,13,synthetic
3,adaptive_q25,seven,True,coverage_and_clearing,True,4242.706729,326.3620560769231,0.2325014160014689,7,0,17733.533645926702,96,107,13,13,72,20260951,13,synthetic
3,adaptive_q25_fine,seven,True,coverage_and_clearing,True,4156.944117,319.76493207692306,0.4031607919605449,7,0,17329.72058697594,96,106,13,13,72,20260951,13,synthetic
3,adaptive_q10,seven,True,coverage_and_clearing,True,4121.922368,317.07095138461534,0.3729122080258094,7,0,16879.611839878384,96,117,13,13,72,20260951,13,synthetic
3,adaptive_q10_dynamic,seven,True,coverage_and_clearing,True,4014.850757,308.83467361538465,0.412423542002216,7,0,16419.253785030407,96,114,13,13,72,20260951,13,synthetic
3,adaptive_q10_dynamic_fine,seven,True,coverage_and_clearing,True,4149.783961,319.21415084615387,0.651802750013303,7,0,17068.919806768692,96,115,13,13,72,20260951,13,synthetic
3,adaptive_q25_dynamic,seven,True,coverage_and_clearing,True,4085.057708,314.2352083076923,0.22536620899336413,7,0,16895.288538888057,96,109,13,13,72,20260951,13,synthetic
3,adaptive_q25_dynamic_fine,seven,True,coverage_and_clearing,True,4156.944117,319.76493207692306,0.36488229100359604,7,0,17329.72058697594,96,106,13,13,72,20260951,13,synthetic
3,adaptive,seven,True,coverage_and_clearing,True,5262.667864,404.8206049230769,0.1569032920524478,7,0,22933.33932034325,96,103,13,13,72,20260952,13,synthetic
3,adaptive_q25,seven,True,coverage_and_clearing,True,4228.083787,325.23721438461536,0.21345929097151384,7,0,17635.41893718608,96,108,13,13,72,20260952,13,synthetic
3,adaptive_q25_fine,seven,True,coverage_and_clearing,True,4274.066812,328.7743701538462,0.43488800001796335,7,0,17815.334057831886,96,110,13,13,72,20260952,13,synthetic
3,adaptive_q10,seven,True,coverage_and_clearing,True,4189.294052,322.2533886153846,0.25349112501135096,7,0,17341.470258664638,96,112,13,13,72,20260952,13,synthetic
3,adaptive_q10_dynamic,seven,True,coverage_and_clearing,True,3986.702344,306.66941107692304,0.2326494589797221,7,0,16378.51172113628,96,110,13,13,72,20260952,13,synthetic
3,adaptive_q10_dynamic_fine,seven,True,coverage_and_clearing,True,4173.220211,321.01693930769227,0.5254706249688752,7,0,17211.10105485058,96,114,13,13,72,20260952,13,synthetic
3,adaptive_q25_dynamic,seven,True,coverage_and_clearing,True,4026.7743,309.7518692307692,0.20325304102152586,7,0,16653.87149781028,96,107,13,13,72,20260952,13,synthetic
3,adaptive_q25_dynamic_fine,seven,True,coverage_and_clearing,True,4274.066812,328.7743701538462,0.459400583000388,7,0,17815.334057831886,96,110,13,13,72,20260952,13,synthetic
3,adaptive,seven,True,coverage_and_clearing,True,5202.071969,400.1593822307692,0.1889752079732716,7,0,22800.35984580731,87,98,13,13,64,20260953,13,synthetic
3,adaptive_q25,seven,True,coverage_and_clearing,True,4322.678922,332.51376323076926,0.22028145799413323,7,0,18328.3946087522,87,101,13,13,64,20260953,13,synthetic
3,adaptive_q25_fine,seven,True,coverage_and_clearing,True,4207.591337,323.66087207692306,0.4126021250267513,7,0,17752.956684735593,87,101,13,13,64,20260953,13,synthetic
3,adaptive_q10,seven,True,coverage_and_clearing,True,4231.63805,325.5106192307692,0.300414334051311,7,0,17673.19025015421,87,109,13,13,64,20260953,13,synthetic
3,adaptive_q10_dynamic,seven,True,coverage_and_clearing,True,3864.493162,297.2687047692308,0.26198491698596627,7,0,15937.465807731063,87,105,13,13,64,20260953,13,synthetic
3,adaptive_q10_dynamic_fine,seven,True,coverage_and_clearing,True,4219.816521,324.60127084615385,0.6048689170274884,7,0,17589.082604569012,87,110,13,13,64,20260953,13,synthetic
3,adaptive_q25_dynamic,seven,True,coverage_and_clearing,True,3986.691097,306.6685459230769,0.22122720803599805,7,0,16648.45548421147,87,101,13,13,64,20260953,13,synthetic
3,adaptive_q25_dynamic_fine,seven,True,coverage_and_clearing,True,4207.591337,323.66087207692306,0.41733008302981034,7,0,17752.956684735593,87,101,13,13,64,20260953,13,synthetic
3,adaptive,seven,True,upper_bound_16,True,5519.217735,344.9511084375,0.21061887498944998,6,0,24781.088675115847,73,82,16,16,43,20260954,16,synthetic
3,adaptive_q25,seven,True,upper_bound_16,True,4391.327014,274.457938375,0.22153662500204518,6,0,19116.635070974058,73,83,16,16,43,20260954,16,synthetic
3,adaptive_q25_fine,seven,True,upper_bound_16,True,4365.443887,272.8402429375,0.4321602080017328,6,0,18962.21943497519,73,84,16,16,43,20260954,16,synthetic
3,adaptive_q10,seven,True,upper_bound_16,True,4572.820399,285.8012749375,0.3675377080217004,6,0,19699.101992944834,73,96,16,16,43,20260954,16,synthetic
3,adaptive_q10_dynamic,seven,True,upper_bound_16,True,4318.727095,269.9204434375,0.2776682920521125,6,0,18628.63547299096,73,88,16,16,43,20260954,16,synthetic
3,adaptive_q10_dynamic_fine,seven,True,upper_bound_16,True,4581.058927,286.3161829375,0.7522601249511354,6,0,19715.294637044633,73,97,16,16,43,20260954,16,synthetic
3,adaptive_q25_dynamic,seven,True,upper_bound_16,True,4367.283531,272.9552206875,0.2730607920093462,6,0,18896.41765485708,73,87,16,16,43,20260954,16,synthetic
3,adaptive_q25_dynamic_fine,seven,True,upper_bound_16,True,4365.443887,272.8402429375,0.4193766670068726,6,0,18962.21943497519,73,84,16,16,43,20260954,16,synthetic
3,adaptive,seven,True,coverage_and_clearing,True,5092.932775,462.99388863636364,0.16961291601182893,7,0,21979.663875654463,97,109,11,11,79,20260955,11,synthetic
3,adaptive_q25,seven,True,coverage_and_clearing,True,4417.735519,401.6123199090909,0.21622141695115715,7,0,18503.67759377702,97,113,11,11,79,20260955,11,synthetic
3,adaptive_q25_fine,seven,True,coverage_and_clearing,True,4348.997459,395.3634053636364,0.3562377500347793,7,0,18209.987297245643,97,111,11,11,79,20260955,11,synthetic
3,adaptive_q10,seven,True,coverage_and_clearing,True,4541.803443,412.8912220909091,0.2256577499792911,7,0,19074.017217404817,97,115,11,11,79,20260955,11,synthetic
3,adaptive_q10_dynamic,seven,True,coverage_and_clearing,True,4172.187316,379.28975599999995,0.1844772080075927,7,0,17350.936581575257,97,110,11,11,79,20260955,11,synthetic
3,adaptive_q10_dynamic_fine,seven,True,coverage_and_clearing,True,4488.656644,408.05969490909087,0.41439858300145715,7,0,18833.283221429843,97,114,11,11,79,20260955,11,synthetic
3,adaptive_q25_dynamic,seven,True,coverage_and_clearing,True,4248.864949,386.2604499090909,0.16776695899898186,7,0,17759.324747298986,97,109,11,11,79,20260955,11,synthetic
3,adaptive_q25_dynamic_fine,seven,True,coverage_and_clearing,True,4348.997459,395.3634053636364,0.35684279102133587,7,0,18209.987297245643,97,111,11,11,79,20260955,11,synthetic
3,adaptive,seven,True,coverage_and_clearing,True,6058.423588,432.74454199999997,0.18490225001005456,7,0,26812.117941460405,96,106,14,14,70,20260956,14,synthetic
3,adaptive_q25,seven,True,coverage_and_clearing,True,5116.495705,365.46397892857146,0.24475499999243766,7,0,21952.47852596675,96,112,14,14,70,20260956,14,synthetic
3,adaptive_q25_fine,seven,True,coverage_and_clearing,True,5070.136774,362.1526267142857,0.48719283303944394,7,0,21745.68386898245,96,111,14,14,70,20260956,14,synthetic
3,adaptive_q10,seven,True,coverage_and_clearing,True,5343.392979,381.6709270714286,0.3656685829628259,7,0,22886.964895566838,96,120,14,14,70,20260956,14,synthetic
3,adaptive_q10_dynamic,seven,True,coverage_and_clearing,True,4838.45269,345.6037635714286,0.27124849997926503,7,0,20562.26344994651,96,112,14,14,70,20260956,14,synthetic
3,adaptive_q10_dynamic_fine,seven,True,coverage_and_clearing,True,5239.409048,374.24350342857144,0.7024882090045139,7,0,22342.045240506657,96,121,14,14,70,20260956,14,synthetic
3,adaptive_q25_dynamic,seven,True,coverage_and_clearing,True,4926.44094,351.8886385714286,0.26014866697369143,7,0,21027.204699506958,96,111,14,14,70,20260956,14,synthetic
3,adaptive_q25_dynamic_fine,seven,True,coverage_and_clearing,True,5070.136774,362.1526267142857,0.4980694999685511,7,0,21745.68386898245,96,111,14,14,70,20260956,14,synthetic
3,adaptive,seven,True,coverage_and_clearing,True,4405.326865,440.5326865,0.13583887496497482,7,0,18481.634325062998,104,111,10,10,87,20260957,10,synthetic
3,adaptive_q25,seven,True,coverage_and_clearing,True,3788.420772,378.8420772,0.18700462498236448,7,0,15272.10385750655,104,116,10,10,87,20260957,10,synthetic
3,adaptive_q25_fine,seven,True,coverage_and_clearing,True,3736.065091,373.6065091,0.3588547079707496,7,0,15010.325456639528,104,116,10,10,87,20260957,10,synthetic
3,adaptive_q10,seven,True,coverage_and_clearing,True,3852.491809,385.2491809,0.24427004205062985,7,0,15492.459047252847,104,120,10,10,87,20260957,10,synthetic
3,adaptive_q10_dynamic,seven,True,coverage_and_clearing,True,3657.229363,365.7229363,0.27309029101161286,7,0,14516.146814272952,104,120,10,10,87,20260957,10,synthetic
3,adaptive_q10_dynamic_fine,seven,True,coverage_and_clearing,True,3829.909339,382.99093389999996,0.5109843750251457,7,0,15379.546692524249,104,120,10,10,87,20260957,10,synthetic
3,adaptive_q25_dynamic,seven,True,coverage_and_clearing,True,3741.80755,374.180755,0.19184991699876264,7,0,15064.03774832113,104,115,10,10,87,20260957,10,synthetic
3,adaptive_q25_dynamic_fine,seven,True,coverage_and_clearing,True,3736.065091,373.6065091,0.4371742919902317,7,0,15010.325456639528,104,116,10,10,87,20260957,10,synthetic
3,adaptive,seven,True,coverage_and_clearing,True,5281.259746,406.2507496923077,0.201143707963638,7,0,22976.2987299497,96,105,13,13,73,20260958,13,synthetic
3,adaptive_q25,seven,True,coverage_and_clearing,True,4518.512675,347.5778980769231,0.2457900419831276,7,0,19062.56337375947,96,109,13,13,73,20260958,13,synthetic
3,adaptive_q25_fine,seven,True,coverage_and_clearing,True,4416.635676,339.74120584615383,0.5127082919934765,7,0,18578.178382493883,96,108,13,13,73,20260958,13,synthetic
3,adaptive_q10,seven,True,coverage_and_clearing,True,4493.183957,345.6295351538462,0.37314262497238815,7,0,18660.919787310224,96,120,13,13,73,20260958,13,synthetic
3,adaptive_q10_dynamic,seven,True,coverage_and_clearing,True,4188.178702,322.16759246153845,0.3014034159714356,7,0,17310.89350773171,96,113,13,13,73,20260958,13,synthetic
3,adaptive_q10_dynamic_fine,seven,True,coverage_and_clearing,True,4419.133535,339.9333488461538,0.7488475830177777,7,0,18315.667673765674,96,119,13,13,73,20260958,13,synthetic
3,adaptive_q25_dynamic,seven,True,coverage_and_clearing,True,4243.309683,326.4084371538462,0.2609174170065671,7,0,17661.548415000194,96,110,13,13,73,20260958,13,synthetic
3,adaptive_q25_dynamic_fine,seven,True,coverage_and_clearing,True,4416.635676,339.74120584615383,0.4807304999558255,7,0,18578.178382493883,96,108,13,13,73,20260958,13,synthetic
3,adaptive,seven,True,coverage_and_clearing,True,4775.720083,341.1228630714286,0.24332725000567734,7,0,20748.600414072105,86,94,14,14,60,20260959,14,synthetic
3,adaptive_q25,seven,True,coverage_and_clearing,True,4022.37504,287.3125028571429,0.3143871669890359,7,0,16906.87520147638,86,97,14,14,60,20260959,14,synthetic
3,adaptive_q25_fine,seven,True,coverage_and_clearing,True,3903.294234,278.806731,0.46244624996325,7,0,16361.47116892398,86,95,14,14,60,20260959,14,synthetic
3,adaptive_q10,seven,True,coverage_and_clearing,True,4036.113786,288.29384185714287,0.4212279579951428,7,0,16700.568932301772,86,108,14,14,60,20260959,14,synthetic
3,adaptive_q10_dynamic,seven,True,coverage_and_clearing,True,3748.129473,267.72353378571427,0.35925137501908466,7,0,15310.647364782348,86,106,14,14,60,20260959,14,synthetic
3,adaptive_q10_dynamic_fine,seven,True,coverage_and_clearing,True,4013.986742,286.7133387142857,0.8354666249942966,7,0,16539.93370901661,86,110,14,14,60,20260959,14,synthetic
3,adaptive_q25_dynamic,seven,True,coverage_and_clearing,True,3737.829833,266.9878452142857,0.29259949998231605,7,0,15409.149163047858,86,100,14,14,60,20260959,14,synthetic
3,adaptive_q25_dynamic_fine,seven,True,coverage_and_clearing,True,3903.294234,278.806731,0.4688783750170842,7,0,16361.47116892398,86,95,14,14,60,20260959,14,synthetic
3,adaptive,seven,True,coverage_and_clearing,True,5623.358891,401.6684922142857,0.2191863750340417,7,0,24936.794455820793,86,96,14,14,60,20260960,14,synthetic
3,adaptive_q25,seven,True,coverage_and_clearing,True,4819.359286,344.23994899999997,0.23778033396229148,7,0,20891.796429795602,86,97,14,14,60,20260960,14,synthetic
3,adaptive_q25_fine,seven,True,coverage_and_clearing,True,4730.303166,337.87879757142855,0.4715831249486655,7,0,20421.515831068296,86,98,14,14,60,20260960,14,synthetic
3,adaptive_q10,seven,True,coverage_and_clearing,True,4873.854484,348.13246314285715,0.40095154201844707,7,0,20839.272422233633,86,110,14,14,60,20260960,14,synthetic
3,adaptive_q10_dynamic,seven,True,coverage_and_clearing,True,4480.90865,320.0649035714286,0.29972937499405816,7,0,19099.543249228922,86,101,14,14,60,20260960,14,synthetic
3,adaptive_q10_dynamic_fine,seven,True,coverage_and_clearing,True,4823.733973,344.55242664285714,0.8462262499961071,7,0,20638.66986734548,86,108,14,14,60,20260960,14,synthetic
3,adaptive_q25_dynamic,seven,True,coverage_and_clearing,True,4565.96389,326.14027785714285,0.22728300001472235,7,0,19599.819447564052,86,98,14,14,60,20260960,14,synthetic
3,adaptive_q25_dynamic_fine,seven,True,coverage_and_clearing,True,4730.303166,337.87879757142855,0.4748057919787243,7,0,20421.515831068296,86,98,14,14,60,20260960,14,synthetic
